sample_idx,feature,importance,rank
10024,sensor_40_avg,20.372541427612305,1
10024,sensor_40_max,20.270000457763672,2
10024,sensor_61_max,20.211572647094727,3
10024,sensor_61_avg,20.19215965270996,4
10024,sensor_40_min,20.165546417236328,5
10024,sensor_61_min,20.08686065673828,6
10024,sensor_218_max,14.066559791564941,7
10024,sensor_218_avg,14.038240432739258,8
10024,sensor_218_min,13.913674354553223,9
10024,sensor_203_max,12.328070640563965,10
10024,sensor_203_min,12.320432662963867,11
10024,sensor_203_avg,12.297707557678223,12
10024,sensor_36_avg,10.235623359680176,13
10024,sensor_38_avg,10.235308647155762,14
10024,sensor_37_avg,9.93285083770752,15
10025,sensor_40_avg,20.13191795349121,1
10025,sensor_40_max,20.014997482299805,2
10025,sensor_61_max,19.960834503173828,3
10025,sensor_40_min,19.923267364501953,4
10025,sensor_61_avg,19.921207427978516,5
10025,sensor_61_min,19.809730529785156,6
10025,sensor_218_max,13.824267387390137,7
10025,sensor_218_avg,13.794648170471191,8
10025,sensor_218_min,13.648926734924316,9
10025,sensor_203_min,12.319122314453125,10
10025,sensor_203_max,12.31258487701416,11
10025,sensor_203_avg,12.282270431518555,12
10025,sensor_38_avg,10.000090599060059,13
10025,sensor_36_avg,9.987736701965332,14
10025,sensor_37_avg,9.74314022064209,15
10027,sensor_40_avg,19.898643493652344,1
10027,sensor_40_max,19.820327758789062,2
10027,sensor_40_min,19.732898712158203,3
10027,sensor_61_max,19.72556495666504,4
10027,sensor_61_avg,19.709518432617188,5
10027,sensor_61_min,19.612503051757812,6
10027,sensor_218_max,13.778122901916504,7
10027,sensor_218_avg,13.770185470581055,8
10027,sensor_218_min,13.667616844177246,9
10027,sensor_203_max,12.328431129455566,10
10027,sensor_203_min,12.289240837097168,11
10027,sensor_203_avg,12.24987506866455,12
10027,sensor_38_avg,10.158761024475098,13
10027,sensor_36_avg,10.157745361328125,14
10027,sensor_37_avg,9.940877914428711,15
26667,sensor_230_std,15.589767456054688,1
26667,sensor_88_std,13.967952728271484,2
26667,sensor_60_avg,10.411235809326172,3
26667,sensor_59_avg,10.410618782043457,4
26667,sensor_58_avg,10.23645305633545,5
26667,sensor_141_max,8.285001754760742,6
26667,sensor_140_max,8.174032211303711,7
26667,sensor_139_max,8.081012725830078,8
26667,sensor_141_avg,7.997552871704102,9
26667,sensor_140_avg,7.987435817718506,10
26667,sensor_139_avg,7.97770881652832,11
26667,sensor_140_min,7.844471454620361,12
26667,sensor_139_min,7.834972858428955,13
26667,sensor_141_min,7.817119121551514,14
26667,reactive_power_121_std,7.3684186935424805,15
39755,sensor_72_max,16.821765899658203,1
39755,sensor_71_max,16.813539505004883,2
39755,sensor_73_max,16.795557022094727,3
39755,sensor_71_avg,16.230159759521484,4
39755,sensor_72_avg,16.206754684448242,5
39755,sensor_73_avg,16.19618034362793,6
39755,sensor_71_min,15.629323959350586,7
39755,sensor_73_min,14.87354850769043,8
39755,sensor_72_min,13.85909652709961,9
39755,wind_speed_236_std_roll6_std,11.219833374023438,10
39755,reactive_power_121_std_roll6_std,8.684148788452148,11
39755,reactive_power_121_std_roll6_mean,8.438569068908691,12
39755,reactive_power_119_std_roll6_std,7.618136405944824,13
39755,reactive_power_122_max_roll6_std,7.59570837020874,14
39755,reactive_power_122_std_roll6_std,7.221256256103516,15
39770,sensor_73_max,16.515777587890625,1
39770,sensor_71_max,16.513599395751953,2
39770,sensor_72_max,16.5047550201416,3
39770,sensor_72_avg,15.929769515991211,4
39770,sensor_73_avg,15.911348342895508,5
39770,sensor_71_avg,15.886603355407715,6
39770,sensor_71_min,15.393289566040039,7
39770,sensor_73_min,14.655878067016602,8
39770,sensor_72_min,13.685786247253418,9
39770,wind_speed_236_min_roll6_std,7.443672180175781,10
39770,sensor_230_max,6.81881856918335,11
39770,sensor_35_max,6.637497901916504,12
39770,sensor_230_avg,6.51177978515625,13
39770,sensor_42_min,6.091900825500488,14
39770,sensor_230_min,6.041638374328613,15
39771,sensor_73_max,16.529560089111328,1
39771,sensor_71_max,16.526775360107422,2
39771,sensor_72_max,16.520849227905273,3
39771,sensor_72_avg,15.940617561340332,4
39771,sensor_73_avg,15.923954963684082,5
39771,sensor_71_avg,15.90066146850586,6
39771,sensor_71_min,15.400430679321289,7
39771,sensor_73_min,14.663487434387207,8
39771,sensor_72_min,13.69064998626709,9
39771,wind_speed_236_min_roll6_std,8.411128044128418,10
39771,wind_speed_236_avg_roll6_std,7.711783409118652,11
39771,wind_speed_236_max_roll6_std,7.571918964385986,12
39771,sensor_230_max,6.82119607925415,13
39771,sensor_35_max,6.641578197479248,14
39771,sensor_230_avg,6.518343925476074,15
39892,sensor_73_max,16.601776123046875,1
39892,sensor_71_max,16.590211868286133,2
39892,sensor_72_max,16.58658218383789,3
39892,sensor_72_avg,16.02959632873535,4
39892,sensor_73_avg,15.999994277954102,5
39892,sensor_71_avg,15.979212760925293,6
39892,sensor_71_min,15.443471908569336,7
39892,sensor_73_min,14.699108123779297,8
39892,sensor_72_min,13.713850021362305,9
39892,sensor_230_std,13.460543632507324,10
39892,reactive_power_121_std,12.220985412597656,11
39892,sensor_150_max,8.16664981842041,12
39892,sensor_148_max,8.136963844299316,13
39892,sensor_35_max,7.311989784240723,14
39892,sensor_149_max,7.053093433380127,15
39893,sensor_40_min,17.472896575927734,1
39893,sensor_61_min,17.467674255371094,2
39893,sensor_212_min,14.868492126464844,3
39893,sensor_213_min,14.62834358215332,4
39893,sensor_230_std,13.65079402923584,5
39893,sensor_60_min,13.518574714660645,6
39893,sensor_59_min,13.492132186889648,7
39893,sensor_58_min,13.485668182373047,8
39893,sensor_47_min,13.070074081420898,9
39893,sensor_218_min,12.640070915222168,10
39893,sensor_141_min,12.570318222045898,11
39893,sensor_139_min,12.552655220031738,12
39893,reactive_power_121_std,12.538238525390625,13
39893,sensor_140_min,12.476462364196777,14
39893,sensor_36_min,9.332228660583496,15
39895,sensor_73_max,16.57872200012207,1
39895,sensor_72_max,16.573131561279297,2
39895,sensor_71_max,16.572370529174805,3
39895,sensor_72_avg,15.996667861938477,4
39895,sensor_73_avg,15.971555709838867,5
39895,sensor_71_avg,15.96115779876709,6
39895,sensor_71_min,15.425537109375,7
39895,sensor_73_min,14.690324783325195,8
39895,sensor_72_min,13.707036018371582,9
39895,reactive_power_121_std_roll6_std,10.519462585449219,10
39895,reactive_power_121_std_roll6_mean,10.143281936645508,11
39895,sensor_230_max,6.824939727783203,12
39895,sensor_35_max,6.662713050842285,13
39895,sensor_230_avg,6.536332130432129,14
39895,sensor_42_min,6.400687217712402,15
39896,reactive_power_121_std_roll6_mean,20.339536666870117,1
39896,sensor_73_max,16.541719436645508,2
39896,sensor_71_max,16.53278350830078,3
39896,sensor_72_max,16.5271053314209,4
39896,sensor_72_avg,15.958122253417969,5
39896,sensor_73_avg,15.934124946594238,6
39896,sensor_71_avg,15.912337303161621,7
39896,sensor_71_min,15.399140357971191,8
39896,sensor_73_min,14.663253784179688,9
39896,sensor_72_min,13.680919647216797,10
39896,sensor_230_max,6.874499797821045,11
39896,sensor_35_max,6.704453945159912,12
39896,sensor_230_avg,6.571140289306641,13
39896,sensor_42_min,6.405479431152344,14
39896,wind_speed_237_min_roll6_std,6.179133892059326,15
39897,reactive_power_121_std_roll6_mean,20.526975631713867,1
39897,sensor_61_min,16.475122451782227,2
39897,sensor_40_min,16.459070205688477,3
39897,sensor_212_min,14.761185646057129,4
39897,sensor_213_min,13.85216236114502,5
39897,sensor_218_min,12.892838478088379,6
39897,sensor_59_min,12.53863525390625,7
39897,sensor_60_min,12.536734580993652,8
39897,sensor_58_min,12.51823902130127,9
39897,sensor_47_min,12.090275764465332,10
39897,sensor_139_min,11.724807739257812,11
39897,sensor_141_min,11.70949649810791,12
39897,sensor_140_min,11.647830963134766,13
39897,sensor_38_min,9.859079360961914,14
39897,sensor_36_min,9.80551528930664,15
39901,sensor_40_min,15.428378105163574,1
39901,sensor_61_min,15.42772388458252,2
39901,sensor_212_min,13.725127220153809,3
39901,sensor_212_avg,13.555415153503418,4
39901,sensor_212_max,13.526557922363281,5
39901,sensor_213_min,13.245410919189453,6
39901,sensor_60_min,12.04883098602295,7
39901,sensor_58_min,12.036249160766602,8
39901,sensor_59_min,11.996591567993164,9
39901,sensor_218_min,11.993060111999512,10
39901,sensor_47_min,11.708643913269043,11
39901,sensor_141_min,11.268250465393066,12
39901,sensor_139_min,11.253634452819824,13
39901,sensor_140_min,11.213447570800781,14
39901,wind_speed_236_std_roll6_std,10.366151809692383,15
39902,sensor_73_max,16.571535110473633,1
39902,sensor_71_max,16.56629180908203,2
39902,sensor_72_max,16.55278778076172,3
39902,sensor_72_avg,15.989123344421387,4
39902,sensor_73_avg,15.968031883239746,5
39902,sensor_71_avg,15.939753532409668,6
39902,sensor_71_min,15.440933227539062,7
39902,sensor_73_min,14.703028678894043,8
39902,sensor_72_min,13.720078468322754,9
39902,wind_speed_236_std_roll6_std,9.98568344116211,10
39902,sensor_230_std,9.26602840423584,11
39902,sensor_230_max,6.976211071014404,12
39902,sensor_35_max,6.691117286682129,13
39902,sensor_42_min,6.404114723205566,14
39902,sensor_230_min,6.074596881866455,15
39903,sensor_73_max,16.57880401611328,1
39903,sensor_71_max,16.569406509399414,2
39903,sensor_72_max,16.556930541992188,3
39903,sensor_72_avg,15.994894027709961,4
39903,sensor_73_avg,15.96829605102539,5
39903,sensor_71_avg,15.942455291748047,6
39903,sensor_71_min,15.43522834777832,7
39903,sensor_73_min,14.69963264465332,8
39903,sensor_72_min,13.717220306396484,9
39903,sensor_88_std,13.365918159484863,10
39903,wind_speed_236_std_roll6_std,9.59150505065918,11
39903,sensor_230_std,8.852594375610352,12
39903,sensor_230_max,6.973757266998291,13
39903,sensor_35_max,6.679111957550049,14
39903,sensor_42_min,6.403781414031982,15
40050,sensor_230_std,17.562623977661133,1
40050,sensor_73_max,16.591724395751953,2
40050,sensor_71_max,16.58913230895996,3
40050,sensor_72_max,16.579492568969727,4
40050,sensor_72_avg,16.00888442993164,5
40050,sensor_73_avg,15.987457275390625,6
40050,sensor_71_avg,15.959257125854492,7
40050,sensor_71_min,15.465970039367676,8
40050,sensor_73_min,14.720206260681152,9
40050,sensor_72_min,13.73755931854248,10
40050,sensor_230_max,6.887016773223877,11
40050,sensor_35_max,6.620871067047119,12
40050,sensor_230_min,5.909230709075928,13
40050,wind_speed_236_min_roll6_std,5.726816654205322,14
40050,wind_speed_236_max_roll6_std,5.194267272949219,15
40051,sensor_230_std,18.335533142089844,1
40051,sensor_40_min,15.625171661376953,2
40051,sensor_61_min,15.621370315551758,3
40051,sensor_213_min,13.585423469543457,4
40051,sensor_212_min,13.133811950683594,5
40051,sensor_212_avg,12.957499504089355,6
40051,sensor_212_max,12.940288543701172,7
40051,sensor_60_min,12.282496452331543,8
40051,sensor_58_min,12.280529975891113,9
40051,sensor_59_min,12.209598541259766,10
40051,sensor_47_min,11.92376708984375,11
40051,sensor_141_min,11.518240928649902,12
40051,sensor_140_min,11.455941200256348,13
40051,sensor_139_min,11.44235897064209,14
40051,sensor_218_min,11.300350189208984,15
44327,sensor_61_min,17.77975082397461,1
44327,sensor_40_min,17.74411392211914,2
44327,sensor_88_std,16.210376739501953,3
44327,sensor_212_min,14.95413875579834,4
44327,sensor_213_min,14.515228271484375,5
44327,sensor_89_std,14.305835723876953,6
44327,sensor_71_min,13.828479766845703,7
44327,sensor_118_std,13.65441608428955,8
44327,sensor_117_std,13.574280738830566,9
44327,sensor_59_min,13.3328218460083,10
44327,sensor_73_min,13.270498275756836,11
44327,sensor_60_min,13.223170280456543,12
44327,sensor_58_min,13.162251472473145,13
44327,sensor_47_min,12.546910285949707,14
44327,sensor_218_min,12.445972442626953,15
47256,sensor_49_max,14.369348526000977,1
47256,sensor_50_max,13.655191421508789,2
47256,sensor_49_avg,11.790183067321777,3
47256,sensor_50_avg,11.540614128112793,4
47256,sensor_52_avg,10.85893440246582,5
47256,sensor_52_max,10.058917045593262,6
47256,sensor_55_max,9.987842559814453,7
47256,sensor_55_avg,9.83320426940918,8
47256,sensor_55_min,9.282593727111816,9
47256,sensor_54_max,8.420772552490234,10
47256,sensor_54_avg,8.370332717895508,11
47256,sensor_51_avg,7.9143877029418945,12
47256,sensor_54_min,7.831716060638428,13
47256,sensor_51_max,7.782198905944824,14
47256,sensor_42_avg,6.5729899406433105,15
47257,sensor_49_max,14.773795127868652,1
47257,sensor_50_max,14.072622299194336,2
47257,sensor_49_avg,12.028664588928223,3
47257,sensor_50_avg,11.816105842590332,4
47257,sensor_52_avg,11.260222434997559,5
47257,sensor_52_max,10.480031967163086,6
47257,sensor_55_max,10.412446022033691,7
47257,sensor_55_avg,10.273551940917969,8
47257,sensor_55_min,9.694053649902344,9
47257,sensor_89_std,9.492236137390137,10
47257,sensor_54_max,8.773860931396484,11
47257,sensor_54_avg,8.76771354675293,12
47257,sensor_54_min,8.243095397949219,13
47257,sensor_51_avg,8.173541069030762,14
47257,sensor_51_max,8.101207733154297,15
47258,sensor_49_max,14.85153865814209,1
47258,sensor_50_max,14.129159927368164,2
47258,sensor_49_avg,12.065191268920898,3
47258,sensor_50_avg,11.835381507873535,4
47258,sensor_52_avg,11.318185806274414,5
47258,sensor_52_max,10.531424522399902,6
47258,sensor_55_max,10.447574615478516,7
47258,sensor_55_avg,10.304183006286621,8
47258,sensor_55_min,9.719244003295898,9
47258,sensor_54_max,8.780399322509766,10
47258,sensor_54_avg,8.775654792785645,11
47258,sensor_89_std,8.692557334899902,12
47258,sensor_54_min,8.245375633239746,13
47258,sensor_51_avg,8.183804512023926,14
47258,sensor_51_max,8.113967895507812,15
55326,sensor_49_max,18.151525497436523,1
55326,sensor_50_max,16.620742797851562,2
55326,sensor_49_avg,13.753472328186035,3
55326,sensor_50_avg,12.968703269958496,4
55326,sensor_52_std,10.181665420532227,5
55326,sensor_186_max,9.082493782043457,6
55326,sensor_186_min,9.080575942993164,7
55326,sensor_186_avg,9.024674415588379,8
55326,sensor_52_avg,7.585329055786133,9
55326,sensor_51_min,7.2844085693359375,10
55326,sensor_178_std,6.540349006652832,11
55326,sensor_179_std,6.476930618286133,12
55326,sensor_52_min,6.398036003112793,13
55326,sensor_15_max,6.180842399597168,14
55326,sensor_51_avg,6.1507182121276855,15
55329,sensor_49_max,18.065731048583984,1
55329,sensor_50_max,16.63918685913086,2
55329,sensor_49_avg,13.920028686523438,3
55329,sensor_50_avg,13.202078819274902,4
55329,sensor_52_avg,12.756925582885742,5
55329,sensor_52_max,12.14108943939209,6
55329,sensor_51_max,9.0804443359375,7
55329,sensor_51_avg,9.00815486907959,8
55329,sensor_186_max,8.20001220703125,9
55329,sensor_186_min,8.193416595458984,10
55329,sensor_186_avg,8.146636962890625,11
55329,sensor_51_min,6.961864471435547,12
55329,sensor_52_min,6.13768196105957,13
55329,sensor_15_max,6.092494964599609,14
55329,sensor_15_avg,6.0725321769714355,15
55332,sensor_49_max,18.06343650817871,1
55332,sensor_50_max,16.64959716796875,2
55332,sensor_49_avg,13.926969528198242,3
55332,sensor_50_avg,13.217572212219238,4
55332,sensor_52_avg,12.590980529785156,5
55332,sensor_52_max,12.001810073852539,6
55332,sensor_51_max,9.0800142288208,7
55332,sensor_51_avg,8.993014335632324,8
55332,sensor_186_max,8.162639617919922,9
55332,sensor_186_min,8.149812698364258,10
55332,sensor_186_avg,8.099405288696289,11
55332,sensor_51_min,6.929636478424072,12
55332,sensor_15_max,6.069642543792725,13
55332,sensor_52_min,6.047237396240234,14
55332,sensor_15_avg,6.046628952026367,15
55334,sensor_49_max,18.065616607666016,1
55334,sensor_50_max,16.685321807861328,2
55334,sensor_49_avg,13.944509506225586,3
55334,sensor_50_avg,13.228434562683105,4
55334,sensor_52_avg,12.509868621826172,5
55334,sensor_52_max,11.952093124389648,6
55334,sensor_51_max,9.160544395446777,7
55334,sensor_51_avg,9.07588005065918,8
55334,sensor_186_max,8.751729965209961,9
55334,sensor_186_min,8.738621711730957,10
55334,sensor_186_avg,8.701789855957031,11
55334,sensor_51_min,7.032049179077148,12
55334,sensor_15_max,6.133886814117432,13
55334,sensor_15_avg,6.107120037078857,14
55334,sensor_52_min,6.028056621551514,15
55337,sensor_49_max,18.07774543762207,1
55337,sensor_50_max,16.677934646606445,2
55337,sensor_49_avg,13.957440376281738,3
55337,sensor_50_avg,13.230480194091797,4
55337,sensor_52_avg,12.48717975616455,5
55337,sensor_52_max,11.935060501098633,6
55337,sensor_51_max,9.157614707946777,7
55337,sensor_51_avg,9.086172103881836,8
55337,sensor_186_max,8.656881332397461,9
55337,sensor_186_min,8.645055770874023,10
55337,sensor_186_avg,8.60799789428711,11
55337,sensor_51_min,7.024163246154785,12
55337,sensor_15_max,6.119111061096191,13
55337,sensor_15_avg,6.094602108001709,14
55337,sensor_52_min,6.007534980773926,15
55340,sensor_49_max,18.077909469604492,1
55340,sensor_50_max,16.677854537963867,2
55340,sensor_49_avg,13.912960052490234,3
55340,sensor_52_avg,13.661715507507324,4
55340,sensor_50_avg,13.187074661254883,5
55340,sensor_52_max,11.952544212341309,6
55340,sensor_51_avg,9.575196266174316,7
55340,sensor_51_max,9.159088134765625,8
55340,sensor_186_max,8.731710433959961,9
55340,sensor_186_min,8.721664428710938,10
55340,sensor_186_avg,8.683761596679688,11
55340,sensor_51_min,7.474197864532471,12
55340,sensor_52_min,6.583622932434082,13
55340,sensor_15_max,6.094358921051025,14
55340,sensor_15_avg,6.073065280914307,15
55343,sensor_49_max,18.06964874267578,1
55343,sensor_50_max,16.67844581604004,2
55343,sensor_49_avg,13.91728401184082,3
55343,sensor_52_avg,13.722335815429688,4
55343,sensor_50_avg,13.202130317687988,5
55343,sensor_52_max,13.097698211669922,6
55343,sensor_51_max,9.739123344421387,7
55343,sensor_51_avg,9.651443481445312,8
55343,sensor_186_max,8.494118690490723,9
55343,sensor_186_min,8.470843315124512,10
55343,sensor_186_avg,8.43200969696045,11
55343,sensor_51_min,7.427426338195801,12
55343,sensor_52_min,6.582485675811768,13
55343,sensor_15_max,6.025832653045654,14
55343,sensor_15_avg,6.000411033630371,15
55347,sensor_49_max,18.055835723876953,1
55347,sensor_50_max,16.65567398071289,2
55347,sensor_49_avg,13.907208442687988,3
55347,sensor_52_avg,13.714471817016602,4
55347,sensor_50_avg,13.18697738647461,5
55347,sensor_52_max,13.10151195526123,6
55347,sensor_51_max,9.716819763183594,7
55347,sensor_51_avg,9.635929107666016,8
55347,sensor_186_max,8.557564735412598,9
55347,sensor_186_min,8.544132232666016,10
55347,sensor_186_avg,8.509058952331543,11
55347,sensor_51_min,7.463260650634766,12
55347,sensor_52_min,6.576740741729736,13
55347,sensor_15_max,6.072157859802246,14
55347,sensor_15_avg,6.048945426940918,15
55351,sensor_49_max,18.043174743652344,1
55351,sensor_50_max,16.703140258789062,2
55351,sensor_49_avg,13.912479400634766,3
55351,sensor_52_avg,13.724268913269043,4
55351,sensor_50_avg,13.235006332397461,5
55351,sensor_52_max,13.091718673706055,6
55351,sensor_51_max,9.771553993225098,7
55351,sensor_51_avg,9.68867015838623,8
55351,sensor_186_max,9.168499946594238,9
55351,sensor_186_min,9.148898124694824,10
55351,sensor_186_avg,9.097434043884277,11
55351,sensor_51_min,7.478074073791504,12
55351,sensor_52_min,6.538755893707275,13
55351,sensor_15_max,6.070154666900635,14
55351,sensor_15_avg,6.039151668548584,15
55352,sensor_49_max,18.028993606567383,1
55352,sensor_50_max,16.737451553344727,2
55352,sensor_49_avg,13.922744750976562,3
55352,sensor_52_avg,13.730674743652344,4
55352,sensor_50_avg,13.289454460144043,5
55352,sensor_52_max,13.068303108215332,6
55352,sensor_51_max,9.848304748535156,7
55352,sensor_51_avg,9.751629829406738,8
55352,sensor_186_max,9.643688201904297,9
55352,sensor_186_min,9.6249361038208,10
55352,sensor_186_avg,9.550142288208008,11
55352,sensor_51_min,7.520756721496582,12
55352,sensor_52_min,6.512768268585205,13
55352,sensor_15_max,5.829159736633301,14
55352,sensor_15_avg,5.791130542755127,15
55357,sensor_49_max,18.047954559326172,1
55357,sensor_50_max,16.680761337280273,2
55357,sensor_49_avg,13.920637130737305,3
55357,sensor_52_avg,13.721243858337402,4
55357,sensor_50_avg,13.21638011932373,5
55357,sensor_52_max,13.10799503326416,6
55357,sensor_51_max,9.738116264343262,7
55357,sensor_51_avg,9.66437816619873,8
55357,sensor_186_max,9.030977249145508,9
55357,sensor_186_min,9.014632225036621,10
55357,sensor_186_avg,8.974710464477539,11
55357,sensor_51_min,7.482698440551758,12
55357,sensor_52_min,6.566011905670166,13
55357,sensor_15_max,6.129753589630127,14
55357,sensor_15_avg,6.102010726928711,15
55359,sensor_49_max,18.106666564941406,1
55359,sensor_50_max,16.716012954711914,2
55359,sensor_49_avg,13.762030601501465,3
55359,sensor_52_avg,13.75743579864502,4
55359,sensor_52_max,13.191295623779297,5
55359,sensor_50_avg,13.04922103881836,6
55359,sensor_51_max,9.73289680480957,7
55359,sensor_51_avg,9.648544311523438,8
55359,sensor_186_max,9.193140029907227,9
55359,sensor_186_min,9.184168815612793,10
55359,sensor_186_avg,9.13805866241455,11
55359,sensor_51_min,7.322629928588867,12
55359,sensor_52_min,6.422177791595459,13
55359,sensor_15_max,6.118053913116455,14
55359,sensor_15_avg,6.093154430389404,15
55363,sensor_49_max,18.061134338378906,1
55363,sensor_50_max,16.656936645507812,2
55363,sensor_49_avg,13.832773208618164,3
55363,sensor_52_avg,13.73084831237793,4
55363,sensor_50_avg,13.133434295654297,5
55363,sensor_52_max,13.12940788269043,6
55363,sensor_51_max,9.685351371765137,7
55363,sensor_51_avg,9.597567558288574,8
55363,sensor_186_max,8.43233585357666,9
55363,sensor_186_min,8.418700218200684,10
55363,sensor_186_avg,8.373784065246582,11
55363,sensor_51_min,7.351447582244873,12
55363,sensor_52_min,6.515697002410889,13
55363,sensor_15_max,6.053615570068359,14
55363,sensor_15_avg,6.030684947967529,15
55366,sensor_49_max,18.036724090576172,1
55366,sensor_50_max,16.6419677734375,2
55366,sensor_49_avg,13.924954414367676,3
55366,sensor_52_avg,13.691161155700684,4
55366,sensor_50_avg,13.232126235961914,5
55366,sensor_52_max,13.102923393249512,6
55366,sensor_51_max,9.670268058776855,7
55366,sensor_51_avg,9.579816818237305,8
55366,sensor_186_max,8.164791107177734,9
55366,sensor_186_min,8.164587020874023,10
55366,sensor_186_avg,8.109418869018555,11
55366,sensor_51_min,7.4174580574035645,12
55366,sensor_178_std,6.588560581207275,13
55366,sensor_52_min,6.576735973358154,14
55366,sensor_179_std,6.5352864265441895,15
55368,sensor_49_max,18.04483413696289,1
55368,sensor_50_max,16.67463493347168,2
55368,sensor_49_avg,13.98381233215332,3
55368,sensor_52_avg,13.702496528625488,4
55368,sensor_50_avg,13.305853843688965,5
55368,sensor_52_max,13.091195106506348,6
55368,sensor_51_max,9.706452369689941,7
55368,sensor_51_avg,9.611832618713379,8
55368,sensor_186_max,8.323136329650879,9
55368,sensor_186_min,8.31057071685791,10
55368,sensor_186_avg,8.267483711242676,11
55368,sensor_51_min,7.496487140655518,12
55368,sensor_52_min,6.63419246673584,13
55368,sensor_15_max,6.056164741516113,14
55368,sensor_15_avg,6.031980514526367,15
55372,sensor_49_max,18.038217544555664,1
55372,sensor_50_max,16.656169891357422,2
55372,sensor_49_avg,13.947837829589844,3
55372,sensor_52_avg,13.698636054992676,4
55372,sensor_50_avg,13.261513710021973,5
55372,sensor_52_max,13.086956977844238,6
55372,sensor_51_max,9.690568923950195,7
55372,sensor_51_avg,9.604928016662598,8
55372,sensor_186_max,8.333009719848633,9
55372,sensor_186_min,8.32440185546875,10
55372,sensor_186_avg,8.27896499633789,11
55372,sensor_51_min,7.479477882385254,12
55372,sensor_52_min,6.611692905426025,13
55372,sensor_15_max,6.053377151489258,14
55372,sensor_15_avg,6.031117916107178,15
55374,sensor_49_max,18.0416316986084,1
55374,sensor_50_max,16.652956008911133,2
55374,sensor_49_avg,13.915390968322754,3
55374,sensor_52_avg,13.701887130737305,4
55374,sensor_50_avg,13.218918800354004,5
55374,sensor_52_max,13.09696102142334,6
55374,sensor_51_max,9.69192886352539,7
55374,sensor_51_avg,9.612817764282227,8
55374,sensor_186_max,8.411982536315918,9
55374,sensor_186_min,8.405056953430176,10
55374,sensor_186_avg,8.361549377441406,11
55374,sensor_51_min,7.450812816619873,12
55374,sensor_52_min,6.582401752471924,13
55374,sensor_15_max,6.049256324768066,14
55374,sensor_15_avg,6.028736591339111,15
55378,sensor_49_max,18.020204544067383,1
55378,sensor_50_max,16.63998794555664,2
55378,sensor_49_avg,13.94132137298584,3
55378,sensor_52_avg,13.693467140197754,4
55378,sensor_50_avg,13.261085510253906,5
55378,sensor_52_max,13.073010444641113,6
55378,sensor_51_max,9.677997589111328,7
55378,sensor_51_avg,9.594447135925293,8
55378,sensor_186_max,8.299132347106934,9
55378,sensor_186_min,8.286947250366211,10
55378,sensor_186_avg,8.24412727355957,11
55378,sensor_51_min,7.48295783996582,12
55378,sensor_52_min,6.607757091522217,13
55378,sensor_15_max,6.060723781585693,14
55378,sensor_15_avg,6.0385026931762695,15
55381,sensor_49_max,17.84650421142578,1
55381,sensor_50_max,16.631391525268555,2
55381,sensor_49_avg,13.851120948791504,3
55381,sensor_52_avg,13.592316627502441,4
55381,sensor_50_avg,13.288188934326172,5
55381,sensor_52_max,12.900699615478516,6
55381,sensor_186_min,12.539332389831543,7
55381,sensor_186_max,12.511168479919434,8
55381,sensor_186_avg,12.509380340576172,9
55381,sensor_51_max,9.858343124389648,10
55381,sensor_51_avg,9.824110984802246,11
55381,sensor_51_min,7.624185562133789,12
55381,sensor_52_min,6.4827046394348145,13
55381,sensor_15_max,5.644254207611084,14
55381,sensor_15_avg,5.619161605834961,15
55383,sensor_49_max,18.000015258789062,1
55383,sensor_50_max,16.73293113708496,2
55383,sensor_49_avg,13.859792709350586,3
55383,sensor_52_avg,13.717742919921875,4
55383,sensor_50_avg,13.25357437133789,5
55383,sensor_52_max,13.083581924438477,6
55383,sensor_186_min,11.07177448272705,7
55383,sensor_186_max,11.0549898147583,8
55383,sensor_186_avg,11.031344413757324,9
55383,sensor_51_max,9.830031394958496,10
55383,sensor_51_avg,9.772459030151367,11
55383,sensor_51_min,7.481550693511963,12
55383,sensor_52_min,6.427453517913818,13
55383,sensor_15_max,5.8564300537109375,14
55383,sensor_15_avg,5.841561794281006,15
55386,sensor_49_max,18.001449584960938,1
55386,sensor_50_max,16.730398178100586,2
55386,sensor_49_avg,13.86575984954834,3
55386,sensor_52_avg,13.719026565551758,4
55386,sensor_50_avg,13.256892204284668,5
55386,sensor_52_max,13.082296371459961,6
55386,sensor_186_min,11.105794906616211,7
55386,sensor_186_max,11.090827941894531,8
55386,sensor_186_avg,11.070289611816406,9
55386,sensor_51_max,9.824081420898438,10
55386,sensor_51_avg,9.767573356628418,11
55386,sensor_51_min,7.480952739715576,12
55386,sensor_52_min,6.439470291137695,13
55386,sensor_15_max,5.856028079986572,14
55386,sensor_15_avg,5.842105865478516,15
55390,sensor_49_max,17.96297264099121,1
55390,sensor_50_max,16.705795288085938,2
55390,sensor_49_avg,13.924864768981934,3
55390,sensor_52_avg,13.696226119995117,4
55390,sensor_50_avg,13.329146385192871,5
55390,sensor_52_max,13.064935684204102,6
55390,sensor_186_min,11.620817184448242,7
55390,sensor_186_max,11.58492660522461,8
55390,sensor_186_avg,11.567192077636719,9
55390,sensor_51_max,9.8274507522583,10
55390,sensor_51_avg,9.760665893554688,11
55390,sensor_51_min,7.545640468597412,12
55390,sensor_52_min,6.4572319984436035,13
55390,sensor_15_max,5.806291580200195,14
55390,sensor_15_avg,5.778904914855957,15
55392,sensor_49_max,18.034957885742188,1
55392,sensor_50_max,16.661014556884766,2
55392,sensor_49_avg,13.793407440185547,3
55392,sensor_52_avg,13.708898544311523,4
55392,sensor_52_max,13.143546104431152,5
55392,sensor_50_avg,13.111579895019531,6
55392,sensor_51_max,9.672889709472656,7
55392,sensor_51_avg,9.598105430603027,8
55392,sensor_186_max,9.512221336364746,9
55392,sensor_186_min,9.498832702636719,10
55392,sensor_186_avg,9.476017951965332,11
55392,sensor_51_min,7.335370063781738,12
55392,sensor_52_min,6.387329578399658,13
55392,sensor_15_max,6.06934118270874,14
55392,sensor_15_avg,6.045703887939453,15
55396,sensor_49_max,17.86859893798828,1
55396,sensor_50_max,16.649356842041016,2
55396,sensor_49_avg,13.830635070800781,3
55396,sensor_52_avg,13.577839851379395,4
55396,sensor_50_avg,13.265722274780273,5
55396,sensor_52_max,12.913633346557617,6
55396,sensor_186_min,12.411898612976074,7
55396,sensor_186_max,12.385839462280273,8
55396,sensor_186_avg,12.382424354553223,9
55396,sensor_51_max,9.871769905090332,10
55396,sensor_51_avg,9.828911781311035,11
55396,sensor_51_min,7.601808071136475,12
55396,sensor_178_std,6.774223327636719,13
55396,sensor_179_std,6.761068344116211,14
55396,sensor_52_min,6.44633150100708,15
59932,sensor_186_min,16.443605422973633,1
59932,sensor_186_max,16.422393798828125,2
59932,sensor_186_avg,16.387657165527344,3
59932,sensor_230_std,11.510405540466309,4
59932,sensor_55_std,10.624594688415527,5
59932,sensor_54_std,9.85212516784668,6
59932,sensor_8_std,7.396764755249023,7
59932,sensor_15_max,7.281755447387695,8
59932,sensor_15_avg,7.233044624328613,9
59932,reactive_power_119_std_roll6_mean,7.232176780700684,10
59932,sensor_15_min,7.206133842468262,11
59932,reactive_power_121_std_roll6_mean,6.983036041259766,12
59932,sensor_35_std,6.246588230133057,13
59932,reactive_power_119_std,5.272915363311768,14
59932,sensor_230_min,5.233963489532471,15
61135,sensor_212_min,19.478797912597656,1
61135,sensor_186_max,15.058504104614258,2
61135,sensor_186_min,15.021028518676758,3
61135,sensor_186_avg,14.965476989746094,4
61135,sensor_55_std,11.759652137756348,5
61135,sensor_54_std,10.876474380493164,6
61135,sensor_15_max,7.133131504058838,7
61135,sensor_15_avg,7.072367191314697,8
61135,sensor_15_min,7.02433443069458,9
61135,reactive_power_121_std,5.685518741607666,10
61135,sensor_1_min,5.65772008895874,11
61135,sensor_150_max,5.264214992523193,12
61135,sensor_149_max,5.2233123779296875,13
61135,sensor_148_max,5.222097873687744,14
61135,sensor_54_min,4.917067050933838,15
61703,sensor_212_min,19.187116622924805,1
61703,sensor_186_avg,16.10137367248535,2
61703,sensor_186_min,16.047945022583008,3
61703,sensor_186_max,16.038433074951172,4
61703,sensor_1_avg,8.807808876037598,5
61703,sensor_15_max,7.043529033660889,6
61703,sensor_15_avg,7.016633033752441,7
61703,sensor_15_min,6.868558406829834,8
61703,sensor_147_std,6.059043884277344,9
61703,reactive_power_121_std,4.542587757110596,10
61703,sensor_1_min,3.7739017009735107,11
61703,sensor_149_max,3.710848808288574,12
61703,sensor_150_max,3.6389615535736084,13
61703,sensor_148_max,3.6254723072052,14
61703,sensor_65_std,3.225665807723999,15
62202,sensor_49_max,18.611793518066406,1
62202,sensor_186_avg,15.719945907592773,2
62202,sensor_186_max,15.705870628356934,3
62202,sensor_186_min,15.681482315063477,4
62202,sensor_55_std,15.35781478881836,5
62202,sensor_54_std,14.115017890930176,6
62202,sensor_49_avg,13.20062255859375,7
62202,sensor_89_std,11.59692096710205,8
62202,sensor_52_avg,10.085371017456055,9
62202,sensor_55_min,9.920404434204102,10
62202,sensor_52_std,9.602153778076172,11
62202,sensor_51_avg,9.038311958312988,12
62202,sensor_50_avg,8.651238441467285,13
62202,sensor_53_avg,8.595714569091797,14
62202,sensor_54_min,7.9911885261535645,15
62203,sensor_49_max,18.48487663269043,1
62203,sensor_50_max,16.780384063720703,2
62203,sensor_124_std,16.091962814331055,3
62203,sensor_49_avg,14.30789566040039,4
62203,sensor_52_avg,13.703716278076172,5
62203,sensor_50_avg,13.416816711425781,6
62203,sensor_52_max,13.242852210998535,7
62203,sensor_186_min,11.871045112609863,8
62203,sensor_186_max,11.806435585021973,9
62203,sensor_186_avg,11.78526496887207,10
62203,sensor_89_std,11.75857925415039,11
62203,sensor_55_max,11.397904396057129,12
62203,sensor_55_avg,11.32770824432373,13
62203,sensor_55_min,10.632943153381348,14
62203,sensor_51_avg,9.631646156311035,15
62206,sensor_49_max,18.436317443847656,1
62206,sensor_50_max,16.73918914794922,2
62206,sensor_49_avg,14.648846626281738,3
62206,sensor_52_avg,13.826695442199707,4
62206,sensor_50_avg,13.682143211364746,5
62206,sensor_52_max,13.276329040527344,6
62206,sensor_55_max,11.2628812789917,7
62206,sensor_55_avg,11.186285972595215,8
62206,sensor_55_min,10.615059852600098,9
62206,sensor_89_std,10.361798286437988,10
62206,sensor_186_min,10.182145118713379,11
62206,sensor_186_max,10.128329277038574,12
62206,sensor_186_avg,10.117535591125488,13
62206,sensor_51_max,9.530237197875977,14
62206,sensor_51_avg,9.469661712646484,15
62208,sensor_49_max,18.43378257751465,1
62208,sensor_50_max,16.762754440307617,2
62208,sensor_49_avg,14.69355297088623,3
62208,sensor_52_avg,13.803229331970215,4
62208,sensor_50_avg,13.748754501342773,5
62208,sensor_52_max,13.236827850341797,6
62208,sensor_55_max,11.318078994750977,7
62208,sensor_55_avg,11.242975234985352,8
62208,sensor_55_min,10.656830787658691,9
62208,sensor_186_min,9.844779968261719,10
62208,sensor_186_max,9.824134826660156,11
62208,sensor_186_avg,9.797757148742676,12
62208,sensor_51_max,9.628785133361816,13
62208,sensor_51_avg,9.545636177062988,14
62208,sensor_54_max,9.224013328552246,15
62209,sensor_49_max,18.43560218811035,1
62209,sensor_50_max,16.748640060424805,2
62209,sensor_49_avg,14.657184600830078,3
62209,sensor_52_avg,13.841144561767578,4
62209,sensor_50_avg,13.712703704833984,5
62209,sensor_52_max,13.281573295593262,6
62209,sensor_55_max,11.358442306518555,7
62209,sensor_55_avg,11.273222923278809,8
62209,sensor_55_min,10.682822227478027,9
62209,sensor_186_min,10.272841453552246,10
62209,sensor_186_max,10.227478981018066,11
62209,sensor_186_avg,10.210348129272461,12
62209,sensor_51_max,9.54810905456543,13
62209,sensor_51_avg,9.465194702148438,14
62209,sensor_54_max,9.257591247558594,15
62211,sensor_49_max,18.305583953857422,1
62211,sensor_50_max,16.657751083374023,2
62211,sensor_49_avg,14.663957595825195,3
62211,sensor_52_avg,13.776071548461914,4
62211,sensor_50_avg,13.696846961975098,5
62211,sensor_52_max,13.234798431396484,6
62211,sensor_55_max,11.422072410583496,7
62211,sensor_55_avg,11.312028884887695,8
62211,sensor_55_min,10.729942321777344,9
62211,sensor_186_min,10.17117977142334,10
62211,sensor_186_avg,10.113749504089355,11
62211,sensor_186_max,10.102869987487793,12
62211,sensor_51_max,9.424471855163574,13
62211,sensor_51_avg,9.411431312561035,14
62211,sensor_54_max,9.25424575805664,15
62214,sensor_49_max,18.30878448486328,1
62214,sensor_50_max,16.678070068359375,2
62214,sensor_49_avg,14.60984992980957,3
62214,sensor_52_avg,13.743391036987305,4
62214,sensor_50_avg,13.735236167907715,5
62214,sensor_52_max,13.131073951721191,6
62214,sensor_55_max,11.562851905822754,7
62214,sensor_55_avg,11.487820625305176,8
62214,sensor_55_min,10.922077178955078,9
62214,sensor_186_min,10.334102630615234,10
62214,sensor_186_max,10.281437873840332,11
62214,sensor_186_avg,10.253609657287598,12
62214,sensor_51_max,9.639369010925293,13
62214,sensor_51_avg,9.588786125183105,14
62214,sensor_54_max,9.453554153442383,15
62216,sensor_49_max,18.55982780456543,1
62216,sensor_50_max,16.798137664794922,2
62216,sensor_124_std,15.576485633850098,3
62216,sensor_49_avg,14.300894737243652,4
62216,sensor_52_avg,13.881771087646484,5
62216,sensor_50_avg,13.379876136779785,6
62216,sensor_52_max,13.33203411102295,7
62216,sensor_186_min,12.186649322509766,8
62216,sensor_186_max,12.125082015991211,9
62216,sensor_186_avg,12.119575500488281,10
62216,sensor_55_max,11.459173202514648,11
62216,sensor_55_avg,11.377374649047852,12
62216,sensor_55_min,10.710079193115234,13
62216,sensor_51_max,9.726447105407715,14
62216,sensor_51_avg,9.702260971069336,15
62217,sensor_49_max,18.35828399658203,1
62217,sensor_50_max,16.677234649658203,2
62217,sensor_49_avg,14.507883071899414,3
62217,sensor_52_avg,13.767786026000977,4
62217,sensor_50_avg,13.60006332397461,5
62217,sensor_52_max,13.240370750427246,6
62217,sensor_55_max,11.44174575805664,7
62217,sensor_55_avg,11.396900177001953,8
62217,sensor_55_min,10.770994186401367,9
62217,sensor_186_min,9.688636779785156,10
62217,sensor_186_max,9.654413223266602,11
62217,sensor_186_avg,9.622654914855957,12
62217,sensor_51_max,9.446127891540527,13
62217,sensor_51_avg,9.392670631408691,14
62217,sensor_54_max,9.281560897827148,15
62220,sensor_49_max,18.326025009155273,1
62220,sensor_50_max,16.659282684326172,2
62220,sensor_49_avg,14.524530410766602,3
62220,sensor_52_avg,13.769323348999023,4
62220,sensor_50_avg,13.62417984008789,5
62220,sensor_52_max,13.226325035095215,6
62220,sensor_55_max,11.497442245483398,7
62220,sensor_55_avg,11.4531888961792,8
62220,sensor_55_min,10.818558692932129,9
62220,sensor_186_min,9.970717430114746,10
62220,sensor_186_max,9.924527168273926,11
62220,sensor_186_avg,9.895277976989746,12
62220,sensor_51_max,9.43768310546875,13
62220,sensor_51_avg,9.367387771606445,14
62220,sensor_54_max,9.324980735778809,15
62221,sensor_49_max,18.340484619140625,1
62221,sensor_50_max,16.639394760131836,2
62221,sensor_49_avg,14.505186080932617,3
62221,sensor_52_avg,13.843369483947754,4
62221,sensor_50_avg,13.727031707763672,5
62221,sensor_52_max,13.218484878540039,6
62221,sensor_55_max,11.452509880065918,7
62221,sensor_55_avg,11.449346542358398,8
62221,sensor_55_min,10.946737289428711,9
62221,sensor_186_min,9.70810317993164,10
62221,sensor_186_max,9.673828125,11
62221,sensor_186_avg,9.637430191040039,12
62221,sensor_51_max,9.409012794494629,13
62221,sensor_51_avg,9.355210304260254,14
62221,sensor_54_avg,9.301944732666016,15
62223,sensor_49_max,17.44135093688965,1
62223,sensor_50_max,16.08751678466797,2
62223,sensor_49_avg,14.173506736755371,3
62223,sensor_50_avg,13.43102741241455,4
62223,sensor_52_avg,13.208730697631836,5
62223,sensor_52_max,12.508994102478027,6
62223,sensor_89_std,11.684371948242188,7
62223,sensor_55_avg,10.391098022460938,8
62223,sensor_55_min,10.051072120666504,9
62223,sensor_55_max,9.997024536132812,10
62223,sensor_55_std,9.777807235717773,11
62223,sensor_186_max,9.76618480682373,12
62223,sensor_186_min,9.75978946685791,13
62223,sensor_51_max,9.748921394348145,14
62223,sensor_186_avg,9.686699867248535,15
63026,sensor_49_max,16.56803321838379,1
63026,sensor_50_max,15.528548240661621,2
63026,sensor_49_avg,13.494873046875,3
63026,sensor_52_avg,13.136100769042969,4
63026,sensor_186_min,13.037908554077148,5
63026,sensor_186_avg,12.984896659851074,6
63026,sensor_186_max,12.967988014221191,7
63026,sensor_50_avg,12.87384033203125,8
63026,sensor_52_max,12.266157150268555,9
63026,sensor_51_avg,9.467464447021484,10
63026,sensor_51_max,9.22331428527832,11
63026,sensor_51_min,7.664628982543945,12
63026,sensor_52_min,6.456496238708496,13
63026,sensor_42_avg,5.613678455352783,14
63026,sensor_118_avg,5.407189846038818,15
63028,sensor_49_max,17.151611328125,1
63028,sensor_50_max,15.824718475341797,2
63028,sensor_49_avg,13.476500511169434,3
63028,sensor_52_avg,13.123817443847656,4
63028,sensor_186_min,13.01688289642334,5
63028,sensor_50_avg,13.01423168182373,6
63028,sensor_186_avg,12.964591979980469,7
63028,sensor_186_max,12.94842529296875,8
63028,sensor_52_max,12.33536434173584,9
63028,sensor_51_avg,9.473007202148438,10
63028,sensor_51_max,9.416399002075195,11
63028,sensor_51_min,7.654101371765137,12
63028,sensor_52_min,6.442697048187256,13
63028,sensor_42_avg,5.604715347290039,14
63028,sensor_118_avg,5.414034366607666,15
63030,sensor_49_max,17.15728187561035,1
63030,sensor_50_max,16.053592681884766,2
63030,sensor_49_avg,13.48325252532959,3
63030,sensor_52_avg,13.121766090393066,4
63030,sensor_186_min,13.031533241271973,5
63030,sensor_50_avg,13.017739295959473,6
63030,sensor_186_avg,12.979755401611328,7
63030,sensor_186_max,12.963750839233398,8
63030,sensor_52_max,12.338293075561523,9
63030,sensor_51_avg,9.472640991210938,10
63030,sensor_51_max,9.416603088378906,11
63030,sensor_51_min,7.6544060707092285,12
63030,sensor_52_min,6.442840099334717,13
63030,sensor_42_avg,5.608826160430908,14
63030,sensor_118_avg,5.426146030426025,15
63033,sensor_49_max,17.110942840576172,1
63033,sensor_50_max,16.006650924682617,2
63033,sensor_49_avg,13.441123008728027,3
63033,sensor_52_avg,13.08868408203125,4
63033,sensor_186_min,13.067037582397461,5
63033,sensor_186_avg,13.024697303771973,6
63033,sensor_186_max,13.003039360046387,7
63033,sensor_50_avg,12.975550651550293,8
63033,sensor_52_max,12.299571990966797,9
63033,sensor_51_avg,9.462719917297363,10
63033,sensor_51_max,9.406370162963867,11
63033,sensor_51_min,7.636894702911377,12
63033,sensor_52_min,6.432989597320557,13
63033,sensor_42_avg,5.536727428436279,14
63033,sensor_118_avg,5.4139933586120605,15
63035,sensor_49_max,17.470048904418945,1
63035,sensor_50_max,16.350128173828125,2
63035,sensor_49_avg,13.555023193359375,3
63035,sensor_52_avg,13.379783630371094,4
63035,sensor_50_avg,13.07300853729248,5
63035,sensor_52_max,12.692173957824707,6
63035,sensor_186_min,12.517181396484375,7
63035,sensor_186_max,12.476523399353027,8
63035,sensor_186_avg,12.472146034240723,9
63035,sensor_51_max,9.616597175598145,10
63035,sensor_51_avg,9.568458557128906,11
63035,sensor_51_min,7.479613304138184,12
63035,sensor_52_min,6.403970241546631,13
63035,sensor_42_avg,6.167788982391357,14
63035,sensor_118_avg,5.8206024169921875,15
63037,sensor_49_max,17.500141143798828,1
63037,sensor_50_max,16.36524200439453,2
63037,sensor_49_avg,13.5554780960083,3
63037,sensor_52_avg,13.429332733154297,4
63037,sensor_50_avg,13.057780265808105,5
63037,sensor_52_max,12.735664367675781,6
63037,sensor_186_min,12.452645301818848,7
63037,sensor_186_avg,12.415183067321777,8
63037,sensor_186_max,12.41301155090332,9
63037,sensor_51_max,9.654248237609863,10
63037,sensor_51_avg,9.590751647949219,11
63037,sensor_51_min,7.482888221740723,12
63037,sensor_179_std,6.709316730499268,13
63037,sensor_178_std,6.699766635894775,14
63037,sensor_52_min,6.422638416290283,15
63038,sensor_49_max,17.55528450012207,1
63038,sensor_50_max,16.41632843017578,2
63038,sensor_49_avg,13.513957977294922,3
63038,sensor_52_avg,13.434307098388672,4
63038,sensor_50_avg,13.008044242858887,5
63038,sensor_52_max,12.828840255737305,6
63038,sensor_186_min,12.229405403137207,7
63038,sensor_186_max,12.195155143737793,8
63038,sensor_186_avg,12.190864562988281,9
63038,sensor_51_max,9.668180465698242,10
63038,sensor_51_avg,9.5593843460083,11
63038,sensor_51_min,7.375585556030273,12
63038,sensor_179_std,6.659929275512695,13
63038,sensor_178_std,6.6436357498168945,14
63038,sensor_193_std,6.3604278564453125,15
63040,sensor_49_max,17.547527313232422,1
63040,sensor_50_max,16.401010513305664,2
63040,sensor_49_avg,13.484378814697266,3
63040,sensor_52_avg,13.43366813659668,4
63040,sensor_50_avg,12.97217082977295,5
63040,sensor_52_max,12.836380004882812,6
63040,sensor_186_min,12.306049346923828,7
63040,sensor_186_max,12.27060604095459,8
63040,sensor_186_avg,12.261590003967285,9
63040,sensor_51_max,9.67313289642334,10
63040,sensor_51_avg,9.565987586975098,11
63040,sensor_51_min,7.357684135437012,12
63040,sensor_7_std,7.217299938201904,13
63040,sensor_179_std,6.627809524536133,14
63040,sensor_178_std,6.613862037658691,15
63043,sensor_49_max,17.462711334228516,1
63043,sensor_50_max,16.34446144104004,2
63043,sensor_49_avg,13.528486251831055,3
63043,sensor_52_avg,13.37081241607666,4
63043,sensor_50_avg,13.0389986038208,5
63043,sensor_52_max,12.694374084472656,6
63043,sensor_186_min,12.480023384094238,7
63043,sensor_186_max,12.438586235046387,8
63043,sensor_186_avg,12.43323802947998,9
63043,sensor_51_max,9.629816055297852,10
63043,sensor_51_avg,9.577089309692383,11
63043,sensor_51_min,7.468801498413086,12
63043,sensor_7_std,7.418111324310303,13
63043,sensor_52_min,6.379754543304443,14
63043,sensor_42_avg,6.154170036315918,15
63045,sensor_49_max,17.11742401123047,1
63045,sensor_50_max,16.005992889404297,2
63045,sensor_49_avg,13.4127197265625,3
63045,sensor_52_avg,13.09178638458252,4
63045,sensor_186_min,13.061332702636719,5
63045,sensor_186_avg,13.006515502929688,6
63045,sensor_186_max,12.996070861816406,7
63045,sensor_50_avg,12.947470664978027,8
63045,sensor_52_max,12.31733512878418,9
63045,sensor_51_avg,9.463794708251953,10
63045,sensor_51_max,9.423893928527832,11
63045,sensor_51_min,7.595747947692871,12
63045,sensor_52_min,6.395756244659424,13
63045,sensor_42_avg,5.605016708374023,14
63045,sensor_118_avg,5.514095783233643,15
63046,sensor_49_max,17.118709564208984,1
63046,sensor_50_max,16.01244354248047,2
63046,sensor_49_avg,13.427231788635254,3
63046,sensor_52_avg,13.107123374938965,4
63046,sensor_186_min,13.02070140838623,5
63046,sensor_186_avg,12.97268295288086,6
63046,sensor_50_avg,12.960953712463379,7
63046,sensor_186_max,12.953704833984375,8
63046,sensor_52_max,12.326032638549805,9
63046,sensor_51_avg,9.471064567565918,10
63046,sensor_51_max,9.414275169372559,11
63046,sensor_51_min,7.61099100112915,12
63046,sensor_52_min,6.420396327972412,13
63046,sensor_42_avg,5.565213680267334,14
63046,sensor_118_avg,5.4406023025512695,15
63048,sensor_49_max,17.108238220214844,1
63048,sensor_50_max,16.001285552978516,2
63048,sensor_49_avg,13.422741889953613,3
63048,sensor_52_avg,13.095440864562988,4
63048,sensor_186_min,13.00986099243164,5
63048,sensor_186_avg,12.963034629821777,6
63048,sensor_50_avg,12.95666217803955,7
63048,sensor_186_max,12.942957878112793,8
63048,sensor_52_max,12.317486763000488,9
63048,sensor_51_avg,9.463611602783203,10
63048,sensor_51_max,9.40573787689209,11
63048,sensor_51_min,7.622675895690918,12
63048,sensor_52_min,6.4163336753845215,13
63048,sensor_42_avg,5.556428909301758,14
63048,sensor_118_avg,5.436931610107422,15
63272,sensor_49_max,17.733842849731445,1
63272,sensor_50_max,16.525400161743164,2
63272,sensor_49_avg,13.848512649536133,3
63272,sensor_50_avg,13.250816345214844,4
63272,sensor_186_min,11.135178565979004,5
63272,sensor_186_max,11.10752010345459,6
63272,sensor_186_avg,11.06286334991455,7
63272,sensor_42_avg,6.8297858238220215,8
63272,sensor_117_max,5.858696937561035,9
63272,sensor_118_avg,5.850903511047363,10
63272,sensor_118_max,5.836752891540527,11
63272,sensor_117_avg,5.786938190460205,12
63272,sensor_15_max,5.453155517578125,13
63272,sensor_15_avg,5.446434497833252,14
63272,sensor_42_max,5.344595432281494,15
63274,sensor_49_max,17.722028732299805,1
63274,sensor_50_max,16.524456024169922,2
63274,sensor_49_avg,13.85285758972168,3
63274,sensor_50_avg,13.258260726928711,4
63274,sensor_186_min,11.142383575439453,5
63274,sensor_186_max,11.112804412841797,6
63274,sensor_186_avg,11.068544387817383,7
63274,sensor_42_avg,6.810064315795898,8
63274,sensor_117_max,5.8824687004089355,9
63274,sensor_118_avg,5.863461971282959,10
63274,sensor_118_max,5.8627495765686035,11
63274,sensor_117_avg,5.803915500640869,12
63274,sensor_15_max,5.4433183670043945,13
63274,sensor_15_avg,5.440210342407227,14
63274,sensor_42_max,5.323680400848389,15
63276,sensor_49_max,17.731525421142578,1
63276,sensor_50_max,16.52265167236328,2
63276,sensor_49_avg,13.770771980285645,3
63276,sensor_50_avg,13.179710388183594,4
63276,sensor_186_min,11.220146179199219,5
63276,sensor_186_max,11.1826171875,6
63276,sensor_186_avg,11.153983116149902,7
63276,sensor_42_avg,6.75154447555542,8
63276,sensor_117_max,5.893047332763672,9
63276,sensor_118_max,5.863857269287109,10
63276,sensor_118_avg,5.8611931800842285,11
63276,sensor_117_avg,5.811407566070557,12
63276,sensor_15_max,5.459773063659668,13
63276,sensor_15_avg,5.453627109527588,14
63276,sensor_15_min,5.315983295440674,15
63279,sensor_49_max,17.73792266845703,1
63279,sensor_50_max,16.53679847717285,2
63279,sensor_49_avg,13.701233863830566,3
63279,sensor_50_avg,13.139081954956055,4
63279,sensor_186_min,11.392629623413086,5
63279,sensor_186_max,11.344528198242188,6
63279,sensor_186_avg,11.31733226776123,7
63279,sensor_42_avg,6.738448143005371,8
63279,sensor_118_max,5.957398414611816,9
63279,sensor_117_max,5.955146789550781,10
63279,sensor_118_avg,5.9502272605896,11
63279,sensor_117_avg,5.894293308258057,12
63279,sensor_15_max,5.444417476654053,13
63279,sensor_15_avg,5.427759170532227,14
63279,sensor_42_max,5.295145034790039,15
63280,sensor_49_max,17.73640251159668,1
63280,sensor_50_max,16.537105560302734,2
63280,sensor_49_avg,13.695972442626953,3
63280,sensor_50_avg,13.137192726135254,4
63280,sensor_186_min,11.384627342224121,5
63280,sensor_186_max,11.334524154663086,6
63280,sensor_186_avg,11.305733680725098,7
63280,sensor_42_avg,6.731471538543701,8
63280,sensor_117_max,5.980106353759766,9
63280,sensor_118_max,5.974531173706055,10
63280,sensor_118_avg,5.971177577972412,11
63280,sensor_117_avg,5.9116668701171875,12
63280,sensor_15_max,5.433353424072266,13
63280,sensor_15_avg,5.417970657348633,14
63280,sensor_42_max,5.28812313079834,15
63282,sensor_49_max,17.689247131347656,1
63282,sensor_50_max,16.51547622680664,2
63282,sensor_49_avg,13.823887825012207,3
63282,sensor_50_avg,13.245049476623535,4
63282,sensor_186_min,11.216938018798828,5
63282,sensor_186_max,11.17753791809082,6
63282,sensor_186_avg,11.137595176696777,7
63282,sensor_42_avg,6.75135612487793,8
63282,sensor_117_max,5.916682720184326,9
63282,sensor_118_max,5.907073497772217,10
63282,sensor_118_avg,5.899984359741211,11
63282,sensor_117_avg,5.842386722564697,12
63282,sensor_15_max,5.394618034362793,13
63282,sensor_15_avg,5.391488552093506,14
63282,sensor_42_max,5.281285285949707,15
63284,sensor_49_max,17.71500587463379,1
63284,sensor_50_max,16.530651092529297,2
63284,sensor_49_avg,13.854056358337402,3
63284,sensor_50_avg,13.2655611038208,4
63284,sensor_186_min,11.13902473449707,5
63284,sensor_186_max,11.10050106048584,6
63284,sensor_186_avg,11.057857513427734,7
63284,sensor_42_avg,6.769306659698486,8
63284,sensor_117_max,5.929687976837158,9
63284,sensor_118_max,5.918455123901367,10
63284,sensor_118_avg,5.914820671081543,11
63284,sensor_117_avg,5.85733699798584,12
63284,sensor_15_max,5.415438652038574,13
63284,sensor_15_avg,5.414276123046875,14
63284,sensor_42_min,5.315511226654053,15
63286,sensor_49_max,17.70025634765625,1
63286,sensor_50_max,16.526567459106445,2
63286,sensor_49_avg,13.824979782104492,3
63286,sensor_50_avg,13.25318717956543,4
63286,sensor_186_min,11.180512428283691,5
63286,sensor_186_max,11.143433570861816,6
63286,sensor_186_avg,11.105476379394531,7
63286,sensor_42_avg,6.761012554168701,8
63286,sensor_117_max,5.93813943862915,9
63286,sensor_118_avg,5.934854984283447,10
63286,sensor_118_max,5.928086757659912,11
63286,sensor_117_avg,5.8817338943481445,12
63286,sensor_15_avg,5.406615734100342,13
63286,sensor_15_max,5.4065165519714355,14
63286,sensor_42_min,5.337507724761963,15
63288,sensor_49_max,17.684520721435547,1
63288,sensor_50_max,16.51124382019043,2
63288,sensor_49_avg,13.83019733428955,3
63288,sensor_50_avg,13.248907089233398,4
63288,sensor_186_min,11.236441612243652,5
63288,sensor_186_max,11.200968742370605,6
63288,sensor_186_avg,11.161982536315918,7
63288,sensor_42_avg,6.729287624359131,8
63288,sensor_117_max,5.946046352386475,9
63288,sensor_118_max,5.920003414154053,10
63288,sensor_118_avg,5.917631149291992,11
63288,sensor_117_avg,5.8630290031433105,12
63288,sensor_15_avg,5.380945682525635,13
63288,sensor_15_max,5.379764080047607,14
63288,sensor_42_max,5.262088298797607,15
72850,sensor_212_avg,20.671255111694336,1
72850,sensor_212_max,20.6498966217041,2
72850,sensor_212_min,20.209617614746094,3
72850,reactive_power_121_std_roll6_mean,18.811044692993164,4
72850,sensor_89_std,17.07683563232422,5
72850,sensor_230_std,16.855762481689453,6
72850,reactive_power_121_std,11.547802925109863,7
72850,sensor_167_std,8.178326606750488,8
72850,sensor_94_std,5.989655017852783,9
72850,sensor_130_std,5.826483249664307,10
72850,sensor_230_max,5.482141017913818,11
72850,sensor_205_std,4.9742326736450195,12
72850,sensor_230_min,4.86702299118042,13
72850,sensor_132_std,4.702126502990723,14
72850,sensor_131_std,4.311120510101318,15
72851,sensor_212_avg,20.650800704956055,1
72851,sensor_212_max,20.623729705810547,2
72851,sensor_212_min,20.186891555786133,3
72851,reactive_power_121_std_roll6_mean,19.206403732299805,4
72851,sensor_89_std,17.083560943603516,5
72851,sensor_230_std,16.873035430908203,6
72851,reactive_power_121_std,11.736213684082031,7
72851,sensor_94_std,6.825982570648193,8
72851,sensor_130_std,5.874131679534912,9
72851,sensor_230_max,5.4720563888549805,10
72851,sensor_230_min,4.84562873840332,11
72851,sensor_132_std,4.757228374481201,12
72851,sensor_131_std,4.345580577850342,13
72851,sensor_225_std,3.7596263885498047,14
72851,sensor_205_std,3.596407413482666,15
72874,reactive_power_121_std_roll6_mean,20.34156608581543,1
72874,sensor_230_std,17.417612075805664,2
72874,sensor_49_max,17.354448318481445,3
72874,sensor_50_max,16.312562942504883,4
72874,sensor_49_avg,14.071093559265137,5
72874,sensor_50_avg,13.46398639678955,6
72874,sensor_52_avg,13.378342628479004,7
72874,sensor_52_max,12.683272361755371,8
72874,sensor_55_max,12.380748748779297,9
72874,sensor_55_avg,12.339235305786133,10
72874,reactive_power_121_std,11.884904861450195,11
72874,sensor_54_avg,9.91093921661377,12
72874,sensor_54_max,9.908180236816406,13
72874,sensor_54_min,9.581564903259277,14
72874,sensor_51_max,8.909334182739258,15
72875,reactive_power_121_std_roll6_mean,20.274728775024414,1
72875,sensor_49_max,17.317323684692383,2
72875,sensor_230_std,17.225322723388672,3
72875,sensor_50_max,16.275798797607422,4
72875,sensor_49_avg,14.067237854003906,5
72875,sensor_50_avg,13.439167022705078,6
72875,sensor_52_avg,13.4002103805542,7
72875,sensor_52_max,12.678014755249023,8
72875,sensor_55_max,12.485065460205078,9
72875,sensor_55_avg,12.433813095092773,10
72875,reactive_power_121_std,11.664774894714355,11
72875,sensor_54_avg,9.999250411987305,12
72875,sensor_54_max,9.869114875793457,13
72875,sensor_54_min,9.822967529296875,14
72875,sensor_51_max,8.824040412902832,15
86790,sensor_212_min,18.717754364013672,1
86790,sensor_186_avg,16.057292938232422,2
86790,sensor_186_min,15.920578002929688,3
86790,sensor_186_max,15.919967651367188,4
86790,sensor_55_std,11.760062217712402,5
86790,sensor_35_std,11.078213691711426,6
86790,sensor_54_std,10.28990650177002,7
86790,reactive_power_121_std_roll6_mean,6.4669928550720215,8
86790,sensor_35_max,6.429858207702637,9
86790,sensor_230_min,6.186127662658691,10
86790,sensor_8_std,5.145021915435791,11
86790,reactive_power_119_std_roll6_std,4.720877170562744,12
86790,sensor_230_std,4.631349563598633,13
86790,reactive_power_119_std,4.528023719787598,14
86790,reactive_power_119_std_roll6_mean,4.186177730560303,15
87020,sensor_186_avg,16.18952178955078,1
87020,sensor_186_max,16.145095825195312,2
87020,sensor_186_min,16.075912475585938,3
87020,sensor_213_min,15.739188194274902,4
87020,sensor_88_std,14.931018829345703,5
87020,sensor_139_min,14.373003959655762,6
87020,sensor_141_min,14.364863395690918,7
87020,sensor_140_min,14.311378479003906,8
87020,sensor_60_avg,12.214189529418945,9
87020,sensor_59_avg,12.059386253356934,10
87020,sensor_58_avg,11.976421356201172,11
87020,sensor_213_avg,11.491721153259277,12
87020,sensor_72_avg,11.438220977783203,13
87020,sensor_73_avg,11.421370506286621,14
87020,sensor_71_avg,11.400039672851562,15
93611,sensor_14_std,13.487150192260742,1
93611,sensor_36_avg,13.376070022583008,2
93611,sensor_13_std,13.286713600158691,3
93611,sensor_12_std,13.280351638793945,4
93611,sensor_38_avg,13.240204811096191,5
93611,sensor_203_min,12.147104263305664,6
93611,sensor_203_avg,12.142114639282227,7
93611,sensor_203_max,12.082813262939453,8
93611,sensor_36_min,11.486748695373535,9
93611,sensor_38_min,11.4336576461792,10
93611,sensor_37_min,11.141565322875977,11
93611,sensor_105_std,8.589315414428711,12
93611,sensor_42_avg,7.743972301483154,13
93611,sensor_230_min,6.845497131347656,14
93611,sensor_42_max,6.549280643463135,15
93614,sensor_89_std,16.244653701782227,1
93614,sensor_14_std,15.6856689453125,2
93614,sensor_12_std,15.511841773986816,3
93614,sensor_13_std,15.51130199432373,4
93614,sensor_36_avg,12.608144760131836,5
93614,sensor_37_avg,12.394561767578125,6
93614,sensor_203_avg,12.060343742370605,7
93614,sensor_203_min,12.046671867370605,8
93614,sensor_203_max,12.02789306640625,9
93614,sensor_37_min,9.632672309875488,10
93614,sensor_36_min,9.617864608764648,11
93614,sensor_230_std,9.243985176086426,12
93614,reactive_power_121_std,6.9774346351623535,13
93614,sensor_36_max,6.90225076675415,14
93614,sensor_37_max,6.831869125366211,15
93625,sensor_89_std,16.027368545532227,1
93625,sensor_14_std,15.77701473236084,2
93625,sensor_13_std,15.581439971923828,3
93625,sensor_12_std,15.555992126464844,4
93625,sensor_38_avg,13.195426940917969,5
93625,sensor_37_avg,12.302811622619629,6
93625,sensor_203_avg,12.185196876525879,7
93625,sensor_203_min,12.171814918518066,8
93625,sensor_203_max,12.12279987335205,9
93625,sensor_230_std,11.747838973999023,10
93625,reactive_power_121_std_roll6_mean,10.419739723205566,11
93625,sensor_38_min,10.332934379577637,12
93625,sensor_37_min,9.955687522888184,13
93625,sensor_36_min,9.547760009765625,14
93625,reactive_power_121_std,8.367039680480957,15
93626,sensor_13_std,18.759632110595703,1
93626,sensor_12_std,18.603092193603516,2
93626,sensor_89_std,16.447925567626953,3
93626,sensor_38_avg,14.07530689239502,4
93626,sensor_37_avg,13.110944747924805,5
93626,sensor_230_std,12.601152420043945,6
93626,sensor_38_min,11.908111572265625,7
93626,sensor_37_min,11.118666648864746,8
93626,sensor_203_min,10.678815841674805,9
93626,sensor_203_avg,10.577468872070312,10
93626,sensor_203_max,10.510529518127441,11
93626,reactive_power_121_std_roll6_mean,9.495548248291016,12
93626,sensor_104_std,8.286765098571777,13
93626,sensor_38_max,7.97393274307251,14
93626,reactive_power_121_std,7.4253458976745605,15
93627,sensor_13_std,19.059083938598633,1
93627,sensor_12_std,18.91316032409668,2
93627,sensor_89_std,16.747711181640625,3
93627,sensor_38_avg,14.0431547164917,4
93627,sensor_230_std,13.375223159790039,5
93627,sensor_37_avg,13.067256927490234,6
93627,sensor_38_min,12.017382621765137,7
93627,sensor_37_min,11.240452766418457,8
93627,sensor_203_min,10.585712432861328,9
93627,sensor_203_avg,10.480356216430664,10
93627,sensor_203_max,10.446429252624512,11
93627,reactive_power_121_std_roll6_mean,9.536416053771973,12
93627,sensor_104_std,8.488882064819336,13
93627,reactive_power_121_std,7.8031487464904785,14
93627,sensor_38_max,7.765258312225342,15
93628,sensor_13_std,19.268436431884766,1
93628,sensor_12_std,19.144306182861328,2
93628,sensor_38_avg,14.142526626586914,3
93628,sensor_37_avg,13.174771308898926,4
93628,sensor_38_min,12.36501407623291,5
93628,sensor_37_min,11.624917984008789,6
93628,sensor_203_min,10.33487606048584,7
93628,sensor_203_avg,10.255226135253906,8
93628,sensor_203_max,10.179604530334473,9
93628,sensor_104_std,8.888901710510254,10
93628,reactive_power_121_min_roll6_std,8.588388442993164,11
93628,sensor_36_std,7.524368762969971,12
93628,reactive_power_121_std_roll6_std,7.3161234855651855,13
93628,sensor_38_max,7.156737804412842,14
93628,reactive_power_121_std_roll6_mean,6.926399230957031,15
93629,sensor_13_std,19.769426345825195,1
93629,sensor_12_std,19.631052017211914,2
93629,reactive_power_121_std_roll6_mean,18.642925262451172,3
93629,sensor_38_avg,14.055805206298828,4
93629,sensor_37_avg,13.035340309143066,5
93629,sensor_38_min,12.324559211730957,6
93629,sensor_37_min,11.563871383666992,7
93629,sensor_203_min,9.56787109375,8
93629,sensor_203_avg,9.476001739501953,9
93629,sensor_203_max,9.429408073425293,10
93629,sensor_104_std,9.004467010498047,11
93629,sensor_36_std,7.7364044189453125,12
93629,sensor_38_max,7.1183648109436035,13
93629,sensor_38_std,6.829100608825684,14
93629,sensor_37_std,6.644802570343018,15
93630,sensor_13_std,19.790849685668945,1
93630,sensor_12_std,19.653291702270508,2
93630,reactive_power_121_std_roll6_mean,18.678674697875977,3
93630,sensor_38_avg,14.055037498474121,4
93630,sensor_37_avg,13.031426429748535,5
93630,sensor_38_min,12.326602935791016,6
93630,sensor_37_min,11.56640625,7
93630,sensor_203_min,9.552724838256836,8
93630,sensor_203_avg,9.460490226745605,9
93630,sensor_203_max,9.414287567138672,10
93630,sensor_104_std,9.015870094299316,11
93630,sensor_36_std,7.731240749359131,12
93630,sensor_38_std,7.144880294799805,13
93630,sensor_38_max,7.113727569580078,14
93630,sensor_37_std,6.87247371673584,15
93631,sensor_13_std,19.772932052612305,1
93631,sensor_12_std,19.634950637817383,2
93631,reactive_power_121_std_roll6_mean,18.726825714111328,3
93631,sensor_38_avg,14.052592277526855,4
93631,sensor_37_avg,13.029828071594238,5
93631,sensor_38_min,12.309866905212402,6
93631,sensor_37_min,11.547782897949219,7
93631,sensor_203_min,9.548569679260254,8
93631,sensor_203_avg,9.453063011169434,9
93631,sensor_203_max,9.40808391571045,10
93631,sensor_104_std,8.986451148986816,11
93631,sensor_36_std,7.72236967086792,12
93631,sensor_38_std,7.4521565437316895,13
93631,sensor_38_max,7.127526760101318,14
93631,sensor_37_std,7.0928730964660645,15
93632,reactive_power_121_std_roll6_mean,18.722335815429688,1
93632,sensor_38_avg,13.067697525024414,2
93632,sensor_37_avg,12.75692081451416,3
93632,sensor_203_min,12.26935863494873,4
93632,sensor_203_avg,12.246914863586426,5
93632,sensor_203_max,12.232436180114746,6
93632,sensor_13_max,12.133255004882812,7
93632,sensor_12_std,11.479040145874023,8
93632,sensor_13_std,11.42506217956543,9
93632,sensor_14_std,11.416439056396484,10
93632,sensor_36_min,11.175918579101562,11
93632,sensor_38_min,11.160287857055664,12
93632,sensor_37_min,10.83657455444336,13
93632,sensor_14_max,9.272855758666992,14
93632,sensor_12_max,8.442097663879395,15
93877,sensor_212_max,21.0034122467041,1
93877,sensor_212_avg,20.90316390991211,2
93877,sensor_212_min,20.644495010375977,3
93877,sensor_203_avg,8.875402450561523,4
93877,sensor_203_min,8.868430137634277,5
93877,sensor_203_max,8.768586158752441,6
93877,sensor_207_std,4.544670581817627,7
93877,sensor_206_std,4.511266231536865,8
93877,sensor_35_max,3.8740286827087402,9
93877,sensor_35_avg,3.838827133178711,10
93877,sensor_230_max,3.763939380645752,11
93877,sensor_230_avg,3.6770079135894775,12
93877,sensor_35_min,3.4915802478790283,13
93877,sensor_118_avg,3.382753610610962,14
93877,sensor_118_max,3.3811709880828857,15
93878,sensor_212_max,20.993316650390625,1
93878,sensor_212_avg,20.913227081298828,2
93878,sensor_212_min,20.647897720336914,3
93878,sensor_203_avg,8.569540977478027,4
93878,sensor_203_min,8.553574562072754,5
93878,sensor_203_max,8.495728492736816,6
93878,sensor_35_max,3.894683361053467,7
93878,sensor_35_avg,3.8515937328338623,8
93878,sensor_230_max,3.732835054397583,9
93878,sensor_230_avg,3.648571729660034,10
93878,sensor_35_min,3.479753255844116,11
93878,sensor_118_avg,3.316216468811035,12
93878,sensor_230_min,3.3160910606384277,13
93878,sensor_118_max,3.314551830291748,14
93878,sensor_117_max,3.2984142303466797,15
93879,sensor_212_max,20.89580535888672,1
93879,sensor_212_avg,20.86935043334961,2
93879,sensor_212_min,20.565488815307617,3
93879,sensor_230_std,13.880183219909668,4
93879,sensor_203_avg,8.283808708190918,5
93879,sensor_203_min,8.261055946350098,6
93879,sensor_203_max,8.223844528198242,7
93879,sensor_230_max,4.892120838165283,8
93879,sensor_230_min,4.069485664367676,9
93879,sensor_35_avg,3.008380174636841,10
93879,sensor_35_max,2.989480495452881,11
93879,sensor_118_max,2.8785393238067627,12
93879,sensor_117_max,2.867236614227295,13
93879,sensor_118_avg,2.846874713897705,14
93879,sensor_117_avg,2.8440256118774414,15
